protocol,town,weather,episode,t,sim_time_s,ego_x,ego_y,ego_z,ego_yaw_deg,route_s_m,route_remaining_m,route_completion_pct,cte_m,route_heading_rad,speed_kmh,reward,command_throttle,command_brake,command_steer,applied_throttle,applied_brake,applied_steer,sigma_bar,sigma_ale,sigma_epi,policy_entropy_proxy,attention,top_attention_index,top_attention_value,ttc_s,collision,off_route,timeout,red_light_violation,intervention,terminal_reason
cross_town,Town02,mixed,16,1,0.05,37.46135330200195,105.43207550048828,0.15079745650291443,179.79312133789062,0.0,499.7675879071405,0.0,0.008472497574985027,5.32632217886686e-07,0.4665255725384654,0.4350867607606408,0.045219242572784424,0.04143470525741577,-0.4540218114852905,0.0,0.0,-0.07999999821186066,1.0,0.3508418798446655,4.5915069580078125,-1.4501839876174927,0.5362349|0.4637651|0.0000000|0.0000000|0.0000000|0.0000000|0.0000000|0.0000000|0.0000000|0.0000000,0,0.5362349152565002,,0,0,0,0,0,
cross_town,Town02,mixed,16,2,0.1,37.46135330200195,105.43207550048828,0.16111232340335846,179.79312133789062,0.0,499.7675879071405,0.0,0.008472497574985027,5.32632217886686e-07,0.8584067702296196,0.43508699918744304,0.040249764919281006,0.10249367356300354,-0.3607507646083832,0.0,0.07999999821186066,-0.1599999964237213,0.999997615814209,0.35084545612335205,3.3885884284973145,-1.2363651990890503,0.5347667|0.4652333|0.0000000|0.0000000|0.0000000|0.0000000|0.0000000|0.0000000|0.0000000|0.0000000,0,0.534766674041748,,0,0,0,0,0,
cross_town,Town02,mixed,16,3,0.15,37.46135330200195,105.43207550048828,0.17358173429965973,179.79312133789062,0.0,499.7675879071405,0.0,0.008472497574985027,5.32632217886686e-07,0.8940865337849228,0.4351064720195074,0.046145498752593994,0.07954740524291992,0.03388267382979393,0.0,0.07954740524291992,-0.07999999821186066,0.9998028874397278,0.3508678376674652,2.2819297313690186,-0.8392056226730347,0.5255547|0.4744453|0.0000000|0.0000000|0.0000000|0.0000000|0.0000000|0.0000000|0.0000000|0.0000000,0,0.5255547165870667,,0,0,0,0,0,
cross_town,Town02,mixed,16,4,0.2,37.46135330200195,105.43207550048828,0.18517272174358368,179.79312133789062,0.0,499.7675879071405,0.0,0.008472497574985027,5.32632217886686e-07,0.7842075347900441,0.44179009443839656,0.03016713261604309,0.08647438883781433,-0.12343081086874008,0.0,0.08647438883781433,-0.12343081086874008,0.9871318340301514,0.35088130831718445,1.2341312170028687,-0.9286680221557617,0.5200123|0.4799877|0.0000000|0.0000000|0.0000000|0.0000000|0.0000000|0.0000000|0.0000000|0.0000000,0,0.5200123190879822,,0,0,0,0,0,
cross_town,Town02,mixed,16,5,0.25,37.46135330200195,105.43207550048828,0.19481001794338226,179.79312133789062,0.0,499.7675879071405,0.0,0.008472497574985027,5.32632217886686e-07,0.6320961892606539,0.43508675933752583,0.01565784215927124,0.23327529430389404,-0.4308483898639679,0.0,0.166474387049675,-0.20343081653118134,1.0,0.3521454632282257,10.788105964660645,-0.548125684261322,1.0000000|0.0000000|0.0000000|0.0000000|0.0000000|0.0000000|0.0000000|0.0000000|0.0000000|0.0000000,0,1.0,,0,0,0,0,0,
cross_town,Town02,mixed,16,6,0.3,37.46135330200195,105.43207550048828,0.20233966410160065,179.79312133789062,0.0,499.7675879071405,0.0,0.008472497574985027,5.32632217886686e-07,0.4844097375870215,0.4350984671206694,0.04406172037124634,0.3987298011779785,0.16007468104362488,0.0,0.24647438526153564,-0.12343081831932068,0.9998829364776611,0.35088008642196655,2.412397861480713,0.5790466070175171,0.5205050|0.4794950|0.0000000|0.0000000|0.0000000|0.0000000|0.0000000|0.0000000|0.0000000|0.0000000,0,0.5205049514770508,,0,0,0,0,0,
cross_town,Town02,mixed,16,7,0.35,37.46135330200195,105.43207550048828,0.20799334347248077,179.79312133789062,0.0,499.7675879071405,0.0,0.008472497574985027,5.32632217886686e-07,0.35894552171268024,0.4350906839376796,0.02842944860458374,0.6108224391937256,0.09712269902229309,0.0,0.3264743983745575,-0.04343082010746002,0.9999912977218628,0.35092902183532715,3.0607998371124268,0.9045220613479614,0.5003920|0.4996080|0.0000000|0.0000000|0.0000000|0.0000000|0.0000000|0.0000000|0.0000000|0.0000000,0,0.5003920197486877,,0,0,0,0,0,
cross_town,Town02,mixed,16,8,0.4,37.46135330200195,105.43207550048828,0.2121226042509079,179.79312133789062,0.0,499.7675879071405,0.0,0.008472497574985027,5.32632217886686e-07,0.25964950025281147,0.43510097997461616,0.12952744960784912,0.0003230571746826172,-0.5434157848358154,0.0,0.24647440016269684,-0.12343081831932068,0.9999990463256836,0.3497438132762909,3.627732515335083,-0.9192076921463013,1.0000000|0.0000000|0.0000000|0.0000000|0.0000000|0.0000000|0.0000000|0.0000000|0.0000000|0.0000000,0,1.0,,0,0,0,0,0,
cross_town,Town02,mixed,16,9,0.45,37.46135330200195,105.43207550048828,0.21507754921913147,179.79312133789062,0.0,499.7675879071405,0.0,0.008472497574985027,5.32632217886686e-07,0.1844480842357211,0.43656138420071344,0.08659771084785461,0.0014546513557434082,-0.5029190182685852,0.0,0.16647440195083618,-0.20343081653118134,0.9855735898017883,0.3498503267765045,1.206190824508667,-0.7323360443115234,1.0000000|0.0000000|0.0000000|0.0000000|0.0000000|0.0000000|0.0000000|0.0000000|0.0000000|0.0000000,0,1.0,,0,0,0,0,0,
cross_town,Town02,mixed,16,10,0.5,37.46135330200195,105.43207550048828,0.2171592265367508,179.79312133789062,0.0,499.7675879071405,0.0,0.008472497574985027,5.32632217886686e-07,0.12919162809913481,0.4351630138243381,0.04142278432846069,0.5676385164260864,0.15740302205085754,0.0,0.24647440016269684,-0.12343081831932068,0.9997971653938293,0.3510358929634094,2.274613857269287,0.9295558929443359,0.5226981|0.4773019|0.0000000|0.0000000|0.0000000|0.0000000|0.0000000|0.0000000|0.0000000|0.0000000,0,0.5226981043815613,494.4474831468265,0,0,0,0,0,
cross_town,Town02,mixed,16,11,0.55,37.46135330200195,105.43207550048828,0.21860748529434204,179.79312133789062,0.0,499.7675879071405,0.0,0.008472497574985027,5.32632217886686e-07,0.08946280181408274,0.4351967426701771,0.0926617980003357,0.001540541648864746,-0.5761889219284058,0.0,0.16647440195083618,-0.20343081653118134,0.9997629523277283,0.3502550423145294,2.2364895343780518,-0.6583390831947327,1.0000000|0.0000000|0.0000000|0.0000000|0.0000000|0.0000000|0.0000000|0.0000000|0.0000000|0.0000000,0,1.0,154.13597884222813,0,0,0,0,0,
cross_town,Town02,mixed,16,12,0.6,37.46135330200195,105.43207550048828,0.21960493922233582,179.79312133789062,0.0,499.7675879071405,0.0,0.008472497574985027,5.32632217886686e-07,0.06137875914655449,0.43522559956993745,0.03325247764587402,0.7141844630241394,0.27958762645721436,0.0,0.24647440016269684,-0.12343081831932068,0.9998378753662109,0.35132959485054016,2.330474376678467,1.0885398387908936,0.5114340|0.4885660|0.0000000|0.0000000|0.0000000|0.0000000|0.0000000|0.0000000|0.0000000|0.0000000,0,0.511434018611908,103.48587637439257,0,0,0,0,0,
cross_town,Town02,mixed,16,13,0.65,37.46135330200195,105.43207550048828,0.22028617560863495,179.79312133789062,0.0,499.7675879071405,0.0,0.008472497574985027,5.32632217886686e-07,0.04177808761604902,0.4352517956234575,0.04133492708206177,0.7415798902511597,0.3187962770462036,0.0,0.3264743983745575,-0.04343082010746002,1.0,0.35149210691452026,6.31776237487793,1.1915628910064697,0.5288998|0.4711002|0.0000000|0.0000000|0.0000000|0.0000000|0.0000000|0.0000000|0.0000000|0.0000000,0,0.5288997888565063,83.0529464790661,0,0,0,0,0,
cross_town,Town02,mixed,16,14,0.7,37.46135330200195,105.43207550048828,0.22074805200099945,179.79312133789062,0.0,499.7675879071405,0.0,0.008472497574985027,5.32632217886686e-07,0.028252096474244134,0.4467869047468118,0.0027147233486175537,0.0037880241870880127,-0.5535582304000854,0.0,0.24647440016269684,-0.12343081831932068,0.8851305842399597,0.800000011920929,0.21048474311828613,-0.1572907567024231,1.0000000|0.0000000|0.0000000|0.0000000|0.0000000|0.0000000|0.0000000|0.0000000|0.0000000|0.0000000,0,1.0,70.73681229610317,0,0,0,0,0,
cross_town,Town02,mixed,16,15,0.75,37.46135330200195,105.43207550048828,0.22105933725833893,179.79312133789062,0.0,499.7675879071405,0.0,0.008472497574985027,5.32632217886686e-07,0.018992648274032225,0.43535327426911513,0.021527528762817383,0.000951915979385376,-0.6304528117179871,0.0,0.16647440195083618,-0.20343081653118134,1.0,0.3518049716949463,10.27982234954834,-0.09515327215194702,1.0000000|0.0000000|0.0000000|0.0000000|0.0000000|0.0000000|0.0000000|0.0000000|0.0000000|0.0000000,0,1.0,62.126517523341555,0,0,0,0,0,
cross_town,Town02,mixed,16,16,0.8,37.46135330200195,105.43207550048828,0.22126799821853638,179.79312133789062,0.0,499.7675879071405,0.0,0.008472497574985027,5.32632217886686e-07,0.012706134563887899,0.4353637237950717,0.030289649963378906,0.6045843958854675,0.4226531386375427,0.0,0.24647440016269684,-0.12343081831932068,0.9999998807907104,0.3523419499397278,4.162901401519775,1.020883321762085,0.5086213|0.4913787|0.0000000|0.0000000|0.0000000|0.0000000|0.0000000|0.0000000|0.0000000|0.0000000,0,0.508621335029602,55.81283221903927,0,0,0,0,0,
cross_town,Town02,mixed,16,17,0.85,37.46135330200195,105.43207550048828,0.2214072346687317,179.79312133789062,0.0,499.7675879071405,0.0,0.008472497574985027,5.32632217886686e-07,0.008461635190511909,0.4430474730141896,0.013145536184310913,0.03692203760147095,-0.12081170827150345,0.0,0.16647440195083618,-0.12081170827150345,0.9999986886978149,0.3524470031261444,3.5256423950195312,-0.30234062671661377,1.0000000|0.0000000|0.0000000|0.0000000|0.0000000|0.0000000|0.0000000|0.0000000|0.0000000|0.0000000,0,1.0,50.99601411951538,0,0,0,0,0,
cross_town,Town02,mixed,16,18,0.9,37.46135330200195,105.43207550048828,0.22147098183631897,179.79312133789062,0.0,499.7675879071405,0.0,0.008472497574985027,5.32632217886686e-07,0.0013428039486165556,0.4353887371915164,0.020504474639892578,0.003586322069168091,-0.4564042091369629,0.0,0.08647440373897552,-0.2008117139339447,1.0,0.35357967019081116,8.061381340026855,-0.3300362825393677,1.0000000|0.0000000|0.0000000|0.0000000|0.0000000|0.0000000|0.0000000|0.0000000|0.0000000|0.0000000,0,1.0,47.16980607462126,0,0,0,0,0,
cross_town,Town02,mixed,16,19,0.95,37.46135330200195,105.43207550048828,0.221500962972641,179.79312133789062,0.0,499.7675879071405,0.0,0.008472497574985027,5.32632217886686e-07,0.0025087966634475853,0.4355161197942881,0.019852399826049805,0.00420302152633667,0.10794959217309952,0.0,0.006474403664469719,-0.12081171572208405,0.9988731741905212,0.35427796840667725,1.8425257205963135,0.16856145858764648,1.0000000|0.0000000|0.0000000|0.0000000|0.0000000|0.0000000|0.0000000|0.0000000|0.0000000|0.0000000,0,1.0,43.98438476808274,0,0,0,0,0,
cross_town,Town02,mixed,16,20,1.0,37.46135330200195,105.43207550048828,0.22153732180595398,179.79312133789062,0.0,499.7675879071405,0.0,0.008472497574985027,5.32632217886686e-07,0.0026145743924437213,0.43983890766031136,0.004767656326293945,0.0027909576892852783,-0.5147873759269714,0.0,0.0,-0.2008117139339447,0.9558057188987732,0.800000011920929,0.4684896469116211,-0.35162073373794556,1.0000000|0.0000000|0.0000000|0.0000000|0.0000000|0.0000000|0.0000000|0.0000000|0.0000000|0.0000000,0,1.0,41.258200002518215,0,0,0,0,0,
cross_town,Town02,mixed,16,21,1.05,37.46135330200195,105.43207550048828,0.2215711921453476,179.79312133789062,0.0,499.7675879071405,0.0,0.008472497574985027,5.32632217886686e-07,0.0022936705076994674,0.4354375541786917,0.018702387809753418,0.018283724784851074,0.21013371646404266,0.0,0.0,-0.12081171572208405,0.9999948740005493,0.35583773255348206,3.192282199859619,0.8083853125572205,1.0000000|0.0000000|0.0000000|0.0000000|0.0000000|0.0000000|0.0000000|0.0000000|0.0000000|0.0000000,0,1.0,38.8803316555108,0,0,0,0,0,
cross_town,Town02,mixed,16,22,1.1,37.46135330200195,105.43207550048828,0.22159941494464874,179.79312133789062,0.0,499.7675879071405,0.0,0.008472497574985027,5.32632217886686e-07,0.0018522947803912265,0.43923951278920176,0.005055814981460571,0.0029774904251098633,-0.507895290851593,0.0,0.0,-0.2008117139339447,0.9621658325195312,0.800000011920929,0.5089935660362244,-0.36011308431625366,1.0000000|0.0000000|0.0000000|0.0000000|0.0000000|0.0000000|0.0000000|0.0000000|0.0000000|0.0000000,0,1.0,36.78033347854867,0,0,0,0,0,
cross_town,Town02,mixed,16,23,1.15,37.46135330200195,105.43207550048828,0.22162143886089325,179.79312133789062,0.0,499.7675879071405,0.0,0.008472497574985027,5.32632217886686e-07,0.0014197425805179474,0.43547683080858934,0.012561917304992676,0.8690317273139954,0.6549361944198608,0.0,0.07999999821186066,-0.12081171572208405,1.0,0.3554098904132843,9.622053146362305,0.5309023261070251,0.5210377|0.4789623|0.0000000|0.0000000|0.0000000|0.0000000|0.0000000|0.0000000|0.0000000|0.0000000,0,0.5210376977920532,35.15466200787327,0,0,0,0,0,
cross_town,Town02,mixed,16,24,1.2,37.46135330200195,105.43207550048828,0.221638023853302,179.79312133789062,0.0,499.7675879071405,0.0,0.008472497574985027,5.32632217886686e-07,0.001051666286826416,0.43549933724330364,0.012903064489364624,0.7992616891860962,0.8178133964538574,0.0,0.1599999964237213,-0.04081171751022339,0.9999997615814209,0.3559287190437317,3.9269814491271973,0.049517273902893066,0.5315351|0.4684649|0.0000000|0.0000000|0.0000000|0.0000000|0.0000000|0.0000000|0.0000000|0.0000000,0,0.5315350890159607,34.83454698983652,0,0,0,0,0,
cross_town,Town02,mixed,16,25,1.25,37.46135330200195,105.43207550048828,0.22165007889270782,179.79312133789062,0.0,499.7675879071405,0.0,0.008472497574985027,5.32632217886686e-07,0.0007591209434922616,0.4355236776407468,0.01466292142868042,0.0023020803928375244,-0.893642783164978,0.0,0.07999999821186066,-0.12081171572208405,1.0,0.3595711588859558,6.430129051208496,0.7277035117149353,1.0000000|0.0000000|0.0000000|0.0000000|0.0000000|0.0000000|0.0000000|0.0000000|0.0000000|0.0000000,0,1.0,34.27106544034376,0,0,0,0,0,
cross_town,Town02,mixed,16,26,1.3,37.46135330200195,105.43207550048828,0.22165870666503906,179.79312133789062,0.0,499.7675879071405,0.0,0.008472497574985027,5.32632217886686e-07,0.0005408706564388728,0.4355499383084381,0.021190404891967773,0.7256585359573364,0.7656374573707581,0.0,0.1599999964237213,-0.04081171751022339,1.0,0.35721999406814575,5.105706691741943,0.10327708721160889,0.5215330|0.4784670|0.0000000|0.0000000|0.0000000|0.0000000|0.0000000|0.0000000|0.0000000|0.0000000,0,0.5215330123901367,32.495411422081624,0,0,0,0,0,
cross_town,Town02,mixed,16,27,1.35,37.46135330200195,105.43207550048828,0.22166049480438232,179.79312133789062,0.0,499.7675879071405,0.0,0.008472497574985027,5.32632217886686e-07,0.00020163345923529668,0.43557810780187045,0.01510089635848999,0.0019567906856536865,-0.9018796682357788,0.0,0.07999999821186066,-0.12081171572208405,1.0,0.36173078417778015,8.020665168762207,0.6920807361602783,1.0000000|0.0000000|0.0000000|0.0000000|0.0000000|0.0000000|0.0000000|0.0000000|0.0000000|0.0000000,0,1.0,30.44719314300436,0,0,0,0,0,
cross_town,Town02,mixed,16,28,1.4,37.46135330200195,105.43207550048828,0.22166374325752258,179.79312133789062,0.0,499.7675879071405,0.0,0.008472497574985027,5.32632217886686e-07,0.00024242023563930893,0.4366928123289783,0.00247916579246521,0.0013776123523712158,-0.5495424270629883,0.0,0.0,-0.2008117139339447,0.9891535639762878,0.800000011920929,0.8282546997070312,-0.22958004474639893,1.0000000|0.0000000|0.0000000|0.0000000|0.0000000|0.0000000|0.0000000|0.0000000|0.0000000|0.0000000,0,1.0,28.664626191843816,0,0,0,0,0,
cross_town,Town02,mixed,16,29,1.45,37.46135330200195,105.43207550048828,0.22166697680950165,179.79312133789062,0.0,499.7675879071405,0.0,0.008472497574985027,5.32632217886686e-07,0.0002254600515850547,0.4356401185521668,0.008592963218688965,0.8709540963172913,0.8138179183006287,0.0,0.07999999821186066,-0.12081171572208405,1.0,0.3589523732662201,13.128454208374023,0.486153244972229,0.5604386|0.4395614|0.0000000|0.0000000|0.0000000|0.0000000|0.0000000|0.0000000|0.0000000|0.0000000,0,0.5604386329650879,27.09203585817822,0,0,0,0,0,
cross_town,Town02,mixed,16,30,1.5,37.46135330200195,105.43207550048828,0.22166980803012848,179.79312133789062,0.0,499.7675879071405,0.0,0.008472497574985027,5.32632217886686e-07,0.000189960495657556,0.4356739497935498,0.016008347272872925,0.6259198188781738,0.789889395236969,0.0,0.1599999964237213,-0.04081171751022339,1.0,0.3594062626361847,8.740779876708984,-0.38792872428894043,0.5860897|0.4139103|0.0000000|0.0000000|0.0000000|0.0000000|0.0000000|0.0000000|0.0000000|0.0000000,0,0.5860896706581116,25.7413252477237,0,0,0,0,0,
cross_town,Town02,mixed,16,31,1.55,37.46135330200195,105.43207550048828,0.22167205810546875,179.79312133789062,0.0,499.7675879071405,0.0,0.008472497574985027,5.32632217886686e-07,0.00014941406832893724,0.4357096680791707,0.11991220712661743,0.0006242990493774414,0.31495776772499084,0.0,0.07999999821186066,0.03918828070163727,1.0,0.3556918799877167,87.77676391601562,-1.0350897312164307,1.0000000|0.0000000|0.0000000|0.0000000|0.0000000|0.0000000|0.0000000|0.0000000|0.0000000|0.0000000,0,1.0,25.715900950067198,0,0,0,0,0,
cross_town,Town02,mixed,16,32,1.6,37.46135330200195,105.43207550048828,0.22167377173900604,179.79312133789062,0.0,499.7675879071405,0.0,0.008472497574985027,5.32632217886686e-07,0.0001116490272988604,0.4357472749666875,0.03570437431335449,0.8313564658164978,0.43622636795043945,0.0,0.1599999964237213,0.11918827891349792,1.0,0.3613271117210388,9.721070289611816,-0.5074512958526611,0.5468463|0.4531537|0.0000000|0.0000000|0.0000000|0.0000000|0.0000000|0.0000000|0.0000000|0.0000000,0,0.5468462705612183,25.69556519780829,0,0,0,0,0,
cross_town,Town02,mixed,16,33,1.65,37.46135330200195,105.43207550048828,0.2216750681400299,179.79312133789062,0.0,499.7675879071405,0.0,0.008472497574985027,5.32632217886686e-07,8.03032040462079e-05,0.435786137572595,0.017084211111068726,0.008227616548538208,-0.9406179785728455,0.0,0.07999999821186066,0.03918828070163727,1.0,0.36897313594818115,5.314243316650391,0.4207671880722046,1.0000000|0.0000000|0.0000000|0.0000000|0.0000000|0.0000000|0.0000000|0.0000000|0.0000000|0.0000000,0,1.0,25.130161199579348,0,0,0,0,0,
cross_town,Town02,mixed,16,34,1.7,37.46135330200195,105.43207550048828,0.2216750681400299,179.79312133789062,0.0,499.7675879071405,0.0,0.008472497574985027,5.32632217886686e-07,5.6442567449486636e-05,0.4435185013055117,0.01728874444961548,0.0024724602699279785,-0.8978511691093445,0.0,0.0,-0.04081171751022339,0.9230654835700989,0.3703324496746063,0.7508541345596313,0.869456946849823,1.0000000|0.0000000|0.0000000|0.0000000|0.0000000|0.0000000|0.0000000|0.0000000|0.0000000|0.0000000,0,1.0,25.122637508584862,0,0,0,0,0,
cross_town,Town02,mixed,16,35,1.75,37.46135330200195,105.43207550048828,0.2216763198375702,179.79312133789062,0.0,499.7675879071405,0.0,0.008472497574985027,5.32632217886686e-07,1.3973613097677376e-05,0.4358642862104145,0.019478410482406616,0.8031526803970337,0.5207657814025879,0.0,0.07999999821186066,0.03918828070163727,1.0,0.3634851574897766,13.8034086227417,-0.8613218069076538,0.5731935|0.4268065|0.0000000|0.0000000|0.0000000|0.0000000|0.0000000|0.0000000|0.0000000|0.0000000,0,0.5731934905052185,24.989836101882872,0,0,0,0,0,
cross_town,Town02,mixed,16,36,1.8,37.46135330200195,105.43207550048828,0.2216763198375702,179.79312133789062,0.0,499.7675879071405,0.0,0.008472497574985027,5.32632217886686e-07,2.0188302772837808e-05,0.4388297552633477,0.06676825881004333,0.3160416781902313,0.10213340073823929,0.0,0.1599999964237213,0.10213340073823929,1.0,0.3637551963329315,12.140480995178223,-1.7606960535049438,0.6116207|0.3883793|0.0000000|0.0000000|0.0000000|0.0000000|0.0000000|0.0000000|0.0000000|0.0000000,0,0.6116206645965576,24.124564968594,0,0,0,0,0,
cross_town,Town02,mixed,16,37,1.85,37.46135330200195,105.43207550048828,0.2216763198375702,179.79312133789062,0.0,499.7675879071405,0.0,0.008472497574985027,5.32632217886686e-07,2.0187899045436427e-05,0.4359452719514254,0.10017171502113342,0.34417396783828735,0.290244460105896,0.0,0.23999999463558197,0.18213340640068054,0.9999996423721313,0.3646649718284607,3.887409210205078,-1.176976203918457,0.6076915|0.3923085|0.0000000|0.0000000|0.0000000|0.0000000|0.0000000|0.0000000|0.0000000|0.0000000,0,0.6076915264129639,21.408814423967577,0,0,0,0,0,
cross_town,Town02,mixed,16,38,1.9,37.46135330200195,105.43207550048828,0.2216763198375702,179.79312133789062,0.0,499.7675879071405,0.0,0.008472497574985027,5.32632217886686e-07,1.981339063287487e-05,0.43598753544503477,0.29280441999435425,0.00012221932411193848,-0.3247673809528351,0.0,0.1599999964237213,0.10213340818881989,1.0,0.3587084412574768,33.640830993652344,-1.9410456418991089,1.0000000|0.0000000|0.0000000|0.0000000|0.0000000|0.0000000|0.0000000|0.0000000|0.0000000|0.0000000,0,1.0,19.809504051048116,0,0,0,0,0,
cross_town,Town02,mixed,16,39,1.95,37.46135330200195,105.43207550048828,0.22167736291885376,179.79312133789062,0.0,499.7675879071405,0.0,0.008472497574985027,5.32632217886686e-07,1.7990716780026848e-05,0.43603764290076874,0.010575085878372192,0.004191040992736816,-0.9400347471237183,0.0,0.07999999821186066,0.02213340811431408,0.9999361038208008,0.3776739537715912,2.536947727203369,0.9043706655502319,1.0000000|0.0000000|0.0000000|0.0000000|0.0000000|0.0000000|0.0000000|0.0000000|0.0000000|0.0000000,0,1.0,18.651883378909787,0,0,0,0,0,
cross_town,Town02,mixed,16,40,2.0,37.46135330200195,105.43207550048828,0.22167736291885376,179.79312133789062,0.0,499.7675879071405,0.0,0.008472497574985027,5.32632217886686e-07,1.6033610324355813e-05,0.4360765525358531,0.026893436908721924,0.0017525255680084229,-0.8995656967163086,0.0,0.0,-0.05786659196019173,0.9999876022338867,0.37926769256591797,2.944167137145996,1.3037796020507812,1.0000000|0.0000000|0.0000000|0.0000000|0.0000000|0.0000000|0.0000000|0.0000000|0.0000000|0.0000000,0,1.0,17.76499393483532,0,0,0,0,0,
cross_town,Town02,mixed,16,41,2.05,37.46135330200195,105.43207550048828,0.22167736291885376,179.79312133789062,0.0,499.7675879071405,0.0,0.008472497574985027,5.32632217886686e-07,9.510067888297823e-06,0.436119652740005,0.025601625442504883,0.0029903054237365723,-0.8169811964035034,0.0,0.0,-0.13786658644676208,1.0,0.3809058368206024,6.1411967277526855,1.713310956954956,1.0000000|0.0000000|0.0000000|0.0000000|0.0000000|0.0000000|0.0000000|0.0000000|0.0000000|0.0000000,0,1.0,17.17122031672807,0,0,0,0,0,
cross_town,Town02,mixed,16,42,2.1,37.46135330200195,105.43207550048828,0.22167736291885376,179.79312133789062,0.0,499.7675879071405,0.0,0.008472497574985027,5.32632217886686e-07,7.038184270339575e-06,0.43616689296739375,0.0895012617111206,0.003020644187927246,0.504675567150116,0.05999999865889549,0.0,-0.05786658823490143,1.0,0.3607461452484131,134.40797424316406,-0.7876881957054138,1.0000000|0.0000000|0.0000000|0.0000000|0.0000000|0.0000000|0.0000000|0.0000000|0.0000000|0.0000000,0,1.0,16.865596630876446,0,0,0,0,0,
cross_town,Town02,mixed,16,43,2.15,37.46135330200195,105.43207550048828,0.22167736291885376,179.79312133789062,0.0,499.7675879071405,0.0,0.008472497574985027,5.32632217886686e-07,0.0,0.43917254962101593,0.02348467707633972,0.0014165043830871582,-0.34243243932724,0.0,0.0,-0.13786658644676208,0.970457136631012,0.800000011920929,0.572980523109436,-1.1120514869689941,1.0000000|0.0000000|0.0000000|0.0000000|0.0000000|0.0000000|0.0000000|0.0000000|0.0000000|0.0000000,0,1.0,16.63425977888662,0,0,0,0,0,
cross_town,Town02,mixed,16,44,2.2,37.46135330200195,105.43207550048828,0.22167736291885376,179.79312133789062,0.0,499.7675879071405,0.0,0.008472497574985027,5.32632217886686e-07,3.055572544714622e-06,0.43627199932015487,0.09767299890518188,0.3366168737411499,0.9480187892913818,0.0,0.07999999821186066,-0.05786658823490143,1.0,0.36997395753860474,87.16769409179688,-0.3502565622329712,0.6672428|0.3327573|0.0000000|0.0000000|0.0000000|0.0000000|0.0000000|0.0000000|0.0000000|0.0000000,0,0.6672427654266357,16.576387788446148,0,0,0,0,0,
cross_town,Town02,mixed,16,45,2.25,37.46135330200195,105.43207550048828,0.22167736291885376,179.79312133789062,0.0,499.7675879071405,0.0,0.008472497574985027,5.32632217886686e-07,6.145477677386854e-06,0.4363657542749548,0.015331685543060303,0.002362281084060669,-0.8572080135345459,0.0,0.0,-0.13786658644676208,0.9996172189712524,0.3879152536392212,2.0790369510650635,1.535570502281189,1.0000000|0.0000000|0.0000000|0.0000000|0.0000000|0.0000000|0.0000000|0.0000000|0.0000000|0.0000000,0,1.0,16.573915082674123,0,0,0,0,0,
cross_town,Town02,mixed,16,46,2.3,37.46135330200195,105.43207550048828,0.22167736291885376,179.79312133789062,0.0,499.7675879071405,0.0,0.008472497574985027,5.32632217886686e-07,3.570705622643814e-06,0.4363846568243663,0.13741490244865417,0.07788729667663574,0.8799271583557129,0.05999999865889549,0.0,-0.05786658823490143,1.0,0.37154603004455566,102.35746002197266,-0.5792533159255981,0.6882576|0.3117424|0.0000000|0.0000000|0.0000000|0.0000000|0.0000000|0.0000000|0.0000000|0.0000000,0,0.6882575750350952,16.682791277594607,0,0,0,0,0,
cross_town,Town02,mixed,16,47,2.35,37.46135330200195,105.43207550048828,0.22167736291885376,179.79312133789062,0.0,499.7675879071405,0.0,0.008472497574985027,5.32632217886686e-07,5.83718405315443e-06,0.4364434143927196,0.250077486038208,0.00334891676902771,0.7686594128608704,0.11999999731779099,0.0,0.022133411839604378,1.0,0.37261492013931274,95.27272033691406,-1.8000684976577759,0.6891491|0.3108509|0.0000000|0.0000000|0.0000000|0.0000000|0.0000000|0.0000000|0.0000000|0.0000000,0,0.6891491413116455,16.784023577416786,0,0,0,0,0,
cross_town,Town02,mixed,16,48,2.4,37.46135330200195,105.43207550048828,0.22167736291885376,179.79312133789062,0.0,499.7675879071405,0.0,0.008472497574985027,5.32632217886686e-07,5.184179911167738e-06,0.43650371501088847,0.08971139788627625,0.0001907646656036377,-0.9813351631164551,0.08971139788627625,0.0,-0.05786658823490143,1.0,0.3936544358730316,12.742236137390137,3.657766103744507,1.0000000|0.0000000|0.0000000|0.0000000|0.0000000|0.0000000|0.0000000|0.0000000|0.0000000|0.0000000,0,1.0,16.941908341692137,0,0,0,0,0,
cross_town,Town02,mixed,16,49,2.45,37.46135330200195,105.43207550048828,0.22167736291885376,179.79312133789062,0.0,499.7675879071405,0.0,0.008472497574985027,5.32632217886686e-07,6.591798299171281e-06,0.4365654510942794,0.05317273736000061,0.0007182657718658447,-0.9608532786369324,0.05317273736000061,0.0,-0.13786658644676208,1.0,0.39563456177711487,6.1606950759887695,3.5733835697174072,1.0000000|0.0000000|0.0000000|0.0000000|0.0000000|0.0000000|0.0000000|0.0000000|0.0000000|0.0000000,0,1.0,17.054064235856202,0,0,0,0,0,
cross_town,Town02,mixed,16,50,2.5,37.46135330200195,105.43207550048828,0.22167736291885376,179.79312133789062,0.0,499.7675879071405,0.0,0.008472497574985027,5.32632217886686e-07,6.527041073976259e-06,0.459514230797093,0.031189769506454468,0.0037012994289398193,-0.9234706163406372,0.0,0.0,-0.21786658465862274,0.7711436748504639,0.39762529730796814,0.4060697555541992,2.8015968799591064,1.0000000|0.0000000|0.0000000|0.0000000|0.0000000|0.0000000|0.0000000|0.0000000|0.0000000|0.0000000,0,1.0,17.20271122983006,0,0,0,0,0,
cross_town,Town02,mixed,16,51,2.55,37.46135330200195,105.43207550048828,0.22167736291885376,179.79312133789062,0.0,499.7675879071405,0.0,0.008472497574985027,5.32632217886686e-07,5.699172564052147e-06,0.4484174569758809,0.012825310230255127,0.026897341012954712,-0.8596380352973938,0.0,0.0,-0.2978665828704834,0.8827559351921082,0.3996136784553528,0.6050841808319092,1.743499755859375,1.0000000|0.0000000|0.0000000|0.0000000|0.0000000|0.0000000|0.0000000|0.0000000|0.0000000|0.0000000,0,1.0,17.292504234525136,0,0,0,0,0,
cross_town,Town02,mixed,16,52,2.6,37.46135330200195,105.43207550048828,0.22167736291885376,179.79312133789062,0.0,499.7675879071405,0.0,0.008472497574985027,5.32632217886686e-07,2.4041069082257506e-07,0.43675878059826656,0.03274577856063843,0.07314935326576233,0.6310527324676514,0.0,0.07314935326576233,-0.21786658465862274,1.0,0.377975732088089,72.19076538085938,0.4572925567626953,0.7047371|0.2952629|0.0000000|0.0000000|0.0000000|0.0000000|0.0000000|0.0000000|0.0000000|0.0000000,0,0.70473712682724,17.408895792455613,0,0,0,0,0,
cross_town,Town02,mixed,16,53,2.65,37.46135330200195,105.43207550048828,0.22167736291885376,179.79312133789062,0.0,499.7675879071405,0.0,0.008472497574985027,5.32632217886686e-07,6.252527174218649e-07,0.43682567699290875,0.20146507024765015,0.09517264366149902,0.677591860294342,0.05999999865889549,0.0,-0.13786658644676208,1.0,0.37793946266174316,124.3622055053711,-0.46026766300201416,0.7411397|0.2588603|0.0000000|0.0000000|0.0000000|0.0000000|0.0000000|0.0000000|0.0000000|0.0000000,0,0.7411397099494934,17.442126338492063,0,0,0,0,0,
cross_town,Town02,mixed,16,54,2.7,37.46135330200195,105.43207550048828,0.22167736291885376,179.79312133789062,0.0,499.7675879071405,0.0,0.008472497574985027,5.32632217886686e-07,1.133007615349239e-06,0.4368938459389881,0.0892033576965332,0.00048655271530151367,0.046480704098939896,0.0892033576965332,0.0,-0.05786658823490143,1.0,0.36993950605392456,67.1327896118164,-1.5929160118103027,1.0000000|0.0000000|0.0000000|0.0000000|0.0000000|0.0000000|0.0000000|0.0000000|0.0000000|0.0000000,0,1.0,17.523754789018316,0,0,0,0,0,
cross_town,Town02,mixed,16,55,2.75,37.46135330200195,105.43207550048828,0.22167736291885376,179.79312133789062,0.0,499.7675879071405,0.0,0.008472497574985027,5.32632217886686e-07,1.5834126048343469e-06,0.43696313415479765,0.15457889437675476,0.0005446970462799072,0.18785710632801056,0.149203360080719,0.0,0.022133411839604378,1.0,0.37092122435569763,123.0194091796875,-2.50986385345459,1.0000000|0.0000000|0.0000000|0.0000000|0.0000000|0.0000000|0.0000000|0.0000000|0.0000000|0.0000000,0,1.0,17.531310060312915,0,0,0,0,0,
cross_town,Town02,mixed,16,56,2.8,37.46135330200195,105.43207550048828,0.22167736291885376,179.79312133789062,0.0,499.7675879071405,0.0,0.008472497574985027,5.32632217886686e-07,2.028154265485674e-06,0.4370334598559482,0.294406533241272,0.0010725557804107666,0.187615767121315,0.20920336246490479,0.0,0.10213340818881989,1.0,0.3719387650489807,156.53489685058594,-3.7353272438049316,1.0000000|0.0000000|0.0000000|0.0000000|0.0000000|0.0000000|0.0000000|0.0000000|0.0000000|0.0000000,0,1.0,17.608296232292773,0,0,0,0,0,
cross_town,Town02,mixed,16,57,2.85,37.46135330200195,105.43207550048828,0.22167736291885376,179.79312133789062,0.0,499.7675879071405,0.0,0.008472497574985027,5.32632217886686e-07,3.673734046216592e-06,0.4371046591515083,0.4739643931388855,0.0003332793712615967,0.319973886013031,0.2692033648490906,0.0,0.18213340640068054,1.0,0.3729926347732544,120.2796630859375,-3.380673885345459,1.0000000|0.0000000|0.0000000|0.0000000|0.0000000|0.0000000|0.0000000|0.0000000|0.0000000|0.0000000,0,1.0,17.6237585837161,0,0,0,0,0,
cross_town,Town02,mixed,16,58,2.9,37.46135330200195,105.43207550048828,0.22167736291885376,179.79312133789062,0.0,499.7675879071405,0.0,0.008472497574985027,5.32632217886686e-07,3.0920889125491416e-06,0.4447887780998808,0.5688785314559937,5.009770393371582e-05,0.18964600563049316,0.32920336723327637,0.0,0.18964600563049316,1.0,0.37408217787742615,231.2332000732422,-1.6049660444259644,1.0000000|0.0000000|0.0000000|0.0000000|0.0000000|0.0000000|0.0000000|0.0000000|0.0000000|0.0000000,0,1.0,17.72243875739151,0,0,0,0,0,
cross_town,Town02,mixed,16,59,2.95,37.46135330200195,105.43207550048828,0.22167736291885376,179.79312133789062,0.0,499.7675879071405,0.0,0.008472497574985027,5.32632217886686e-07,4.772311815299485e-06,0.437248550809831,0.5495845079421997,0.00010016560554504395,-0.20931212604045868,0.38920336961746216,0.0,0.10964600741863251,1.0,0.3752056360244751,266.10723876953125,-1.3905442953109741,1.0000000|0.0000000|0.0000000|0.0000000|0.0000000|0.0000000|0.0000000|0.0000000|0.0000000|0.0000000,0,1.0,17.76246416044057,0,0,0,0,0,
cross_town,Town02,mixed,16,60,3.0,37.46135330200195,105.43207550048828,0.22167736291885376,179.79312133789062,0.0,499.7675879071405,0.0,0.008472497574985027,5.32632217886686e-07,1.3734121507969526e-07,0.43732036420793613,0.02520313858985901,0.0012549757957458496,-0.2096644937992096,0.32920336723327637,0.0,0.0296460073441267,1.0,0.800000011920929,7.849135398864746,-1.7374048233032227,1.0000000|0.0000000|0.0000000|0.0000000|0.0000000|0.0000000|0.0000000|0.0000000|0.0000000|0.0000000,0,1.0,17.887907850369384,0,0,0,0,0,
cross_town,Town02,mixed,16,61,3.05,37.46135330200195,105.43207550048828,0.22167736291885376,179.79312133789062,0.0,499.7675879071405,0.0,0.008472497574985027,5.32632217886686e-07,6.523138881347523e-07,0.44120929550938026,0.3160402178764343,0.018106192350387573,-0.02708600088953972,0.3160402178764343,0.0,-0.02708600088953972,1.0,0.37753212451934814,73.82037353515625,-1.8567768335342407,1.0000000|0.0000000|0.0000000|0.0000000|0.0000000|0.0000000|0.0000000|0.0000000|0.0000000|0.0000000,0,1.0,17.946482538628207,0,0,0,0,0,
cross_town,Town02,mixed,16,62,3.1,37.46135330200195,105.43207550048828,0.22167736291885376,179.79312133789062,0.0,499.7675879071405,0.0,0.008472497574985027,5.32632217886686e-07,1.20163622971158e-06,0.4446567520570902,0.25339579582214355,0.03464648127555847,-0.006982346996665001,0.25604021549224854,0.0,-0.006982346996665001,1.0,0.3787231743335724,95.39681243896484,-1.1749742031097412,1.0000000|0.0000000|0.0000000|0.0000000|0.0000000|0.0000000|0.0000000|0.0000000|0.0000000|0.0000000,0,1.0,18.08661884436417,0,0,0,0,0,
cross_town,Town02,mixed,16,63,3.15,37.46135330200195,105.43207550048828,0.22167736291885376,179.79312133789062,0.0,499.7675879071405,0.0,0.008472497574985027,5.32632217886686e-07,1.7509466459114686e-06,0.44269012756268233,0.31222033500671387,0.001896500587463379,-0.05420346558094025,0.31222033500671387,0.0,-0.05420346558094025,0.9984487295150757,0.800000011920929,1.3167870044708252,-2.497833728790283,1.0000000|0.0000000|0.0000000|0.0000000|0.0000000|0.0000000|0.0000000|0.0000000|0.0000000|0.0000000,0,1.0,18.145544904550494,0,0,0,0,0,
cross_town,Town02,mixed,16,64,3.2,37.46135330200195,105.43207550048828,0.22167736291885376,179.79312133789062,0.0,499.7675879071405,0.0,0.008472497574985027,5.32632217886686e-07,2.4375926392659466e-06,0.43759877473331116,0.13573914766311646,0.0012057721614837646,0.12095203995704651,0.2522203326225281,0.0,0.02579653449356556,0.9999991655349731,0.800000011920929,3.2084927558898926,-2.537367820739746,1.0000000|0.0000000|0.0000000|0.0000000|0.0000000|0.0000000|0.0000000|0.0000000|0.0000000|0.0000000,0,1.0,18.290362198697053,0,0,0,0,0,
cross_town,Town02,mixed,16,65,3.25,37.46135330200195,105.43207550048828,0.22167736291885376,179.79312133789062,0.0,499.7675879071405,0.0,0.008472497574985027,5.32632217886686e-07,2.918244491235678e-06,0.4453202278270005,0.47930365800857544,0.002805650234222412,0.021220723167061806,0.31222033500671387,0.0,0.021220723167061806,1.0,0.3823575973510742,147.21328735351562,-2.219008445739746,1.0000000|0.0000000|0.0000000|0.0000000|0.0000000|0.0000000|0.0000000|0.0000000|0.0000000|0.0000000,0,1.0,18.337060622087133,0,0,0,0,0,
cross_town,Town02,mixed,16,66,3.3,37.46135330200195,105.43207550048828,0.22167736291885376,179.79312133789062,0.0,499.7675879071405,0.0,0.008472497574985027,5.32632217886686e-07,3.4332284320735405e-06,0.44296142054365895,0.3453971743583679,0.015283674001693726,-0.02395869418978691,0.3453971743583679,0.0,-0.02395869418978691,1.0,0.3835841715335846,82.74365997314453,-1.480553150177002,1.0000000|0.0000000|0.0000000|0.0000000|0.0000000|0.0000000|0.0000000|0.0000000|0.0000000|0.0000000,0,1.0,18.46661217303226,0,0,0,0,0,
cross_town,Town02,mixed,16,67,3.35,37.46135330200195,105.43207550048828,0.22167736291885376,179.79312133789062,0.0,499.7675879071405,0.0,0.008472497574985027,5.32632217886686e-07,4.016876678212191e-06,0.44510097101239343,0.1888788342475891,0.030916959047317505,-0.006299598608165979,0.28539717197418213,0.0,-0.006299598608165979,1.0,0.3848183751106262,98.31018829345703,-1.1251235008239746,1.0000000|0.0000000|0.0000000|0.0000000|0.0000000|0.0000000|0.0000000|0.0000000|0.0000000|0.0000000,0,1.0,18.496023285942666,0,0,0,0,0,
cross_town,Town02,mixed,16,68,3.4,37.46135330200195,105.43207550048828,0.22167736291885376,179.79312133789062,0.0,499.7675879071405,0.0,0.008472497574985027,5.32632217886686e-07,4.566192555442282e-06,0.44548179248232134,0.3114331364631653,0.015443801879882812,-0.013173600658774376,0.3114331364631653,0.0,-0.013173600658774376,1.0,0.38606083393096924,96.7052993774414,-1.4470491409301758,1.0000000|0.0000000|0.0000000|0.0000000|0.0000000|0.0000000|0.0000000|0.0000000|0.0000000|0.0000000,0,1.0,18.618189907254486,0,0,0,0,0,
cross_town,Town02,mixed,16,69,3.45,37.46135330200195,105.43207550048828,0.22167736291885376,179.79312133789062,0.0,499.7675879071405,0.0,0.008472497574985027,5.32632217886686e-07,4.463258880125639e-07,0.4436756477902366,0.2888106107711792,0.00053367018699646,-0.053227461874485016,0.2888106107711792,0.0,-0.053227461874485016,1.0,0.800000011920929,4.069876670837402,-2.654548168182373,1.0000000|0.0000000|0.0000000|0.0000000|0.0000000|0.0000000|0.0000000|0.0000000|0.0000000|0.0000000,0,1.0,18.639454235084397,0,0,0,0,0,
cross_town,Town02,mixed,16,70,3.5,37.46135330200195,105.43207550048828,0.22167736291885376,179.79312133789062,0.0,499.7675879071405,0.0,0.008472497574985027,5.32632217886686e-07,1.0986356333566595e-06,0.4379822403507067,0.19958245754241943,0.04079157114028931,0.04209919646382332,0.2288106083869934,0.0,0.02677253820002079,1.0,0.3885773718357086,115.54544830322266,-0.9381468892097473,1.0000000|0.0000000|0.0000000|0.0000000|0.0000000|0.0000000|0.0000000|0.0000000|0.0000000|0.0000000,0,1.0,18.764431398722078,0,0,0,0,0,
cross_town,Town02,mixed,16,71,3.55,37.46135330200195,105.43207550048828,0.22167736291885376,179.79312133789062,0.0,499.7675879071405,0.0,0.008472497574985027,5.32632217886686e-07,1.6136176857181857e-06,0.438042748301493,0.44562098383903503,0.0027299821376800537,0.21267150342464447,0.2888106107711792,0.0,0.1067725345492363,1.0,0.3898541033267975,81.46211242675781,-3.0759382247924805,1.0000000|0.0000000|0.0000000|0.0000000|0.0000000|0.0000000|0.0000000|0.0000000|0.0000000|0.0000000,0,1.0,18.78867999818912,0,0,0,0,0,
cross_town,Town02,mixed,16,72,3.6,37.46135330200195,105.43207550048828,0.22167736291885376,179.79312133789062,0.0,499.7675879071405,0.0,0.008472497574985027,5.32632217886686e-07,2.1286016794204766e-06,0.4381023869945994,0.546589732170105,0.0005446672439575195,-0.1723703145980835,0.348810613155365,0.0,0.02677253447473049,1.0,0.3911438286304474,172.7369842529297,-1.8264131546020508,1.0000000|0.0000000|0.0000000|0.0000000|0.0000000|0.0000000|0.0000000|0.0000000|0.0000000|0.0000000,0,1.0,18.92537903618044,0,0,0,0,0,
cross_town,Town02,mixed,16,73,3.65,37.46135330200195,105.43207550048828,0.22167736291885376,179.79312133789062,0.0,499.7675879071405,0.0,0.008472497574985027,5.32632217886686e-07,2.7122521088704655e-06,0.4381611123825449,0.2677886486053467,0.003420025110244751,-0.10312952101230621,0.2888106107711792,0.0,-0.053227465599775314,1.0,0.39244768023490906,145.52734375,-1.550492525100708,1.0000000|0.0000000|0.0000000|0.0000000|0.0000000|0.0000000|0.0000000|0.0000000|0.0000000|0.0000000,0,1.0,18.957668567835956,0,0,0,0,0,
cross_town,Town02,mixed,16,74,3.7,37.46135330200195,105.43207550048828,0.22167736291885376,179.79312133789062,0.0,499.7675879071405,0.0,0.008472497574985027,5.32632217886686e-07,3.3645634352320938e-06,0.43821894073978984,0.19972866773605347,0.03508603572845459,0.07154381275177002,0.2288106083869934,0.0,0.02677253447473049,1.0,0.3937648832798004,117.14155578613281,-0.8530937433242798,1.0000000|0.0000000|0.0000000|0.0000000|0.0000000|0.0000000|0.0000000|0.0000000|0.0000000|0.0000000,0,1.0,19.106296587406987,0,0,0,0,0,
cross_town,Town02,mixed,16,75,3.75,37.46135330200195,105.43207550048828,0.22167736291885376,179.79312133789062,0.0,499.7675879071405,0.0,0.008472497574985027,5.32632217886686e-07,3.948212889471701e-06,0.44051798983257534,0.44561636447906494,0.00181657075881958,0.0940890684723854,0.2888106107711792,0.0,0.0940890684723854,1.0,0.39509591460227966,141.38668823242188,-2.5871481895446777,1.0000000|0.0000000|0.0000000|0.0000000|0.0000000|0.0000000|0.0000000|0.0000000|0.0000000|0.0000000,0,1.0,19.142922631147137,0,0,0,0,0,
cross_town,Town02,mixed,16,76,3.8,37.46135330200195,105.43207550048828,0.22167736291885376,179.79312133789062,0.0,499.7675879071405,0.0,0.008472497574985027,5.32632217886686e-07,4.463195638100558e-06,0.43833581625961676,0.18826138973236084,0.0015960633754730225,-0.02296883426606655,0.2288106083869934,0.0,0.0140890683978796,0.999958872795105,0.800000011920929,2.2247238159179688,-2.3037991523742676,1.0000000|0.0000000|0.0000000|0.0000000|0.0000000|0.0000000|0.0000000|0.0000000|0.0000000|0.0000000,0,1.0,19.297687183836935,0,0,0,0,0,
cross_town,Town02,mixed,16,77,3.85,37.46135330200195,105.43207550048828,0.22167736291885376,179.79312133789062,0.0,499.7675879071405,0.0,0.008472497574985027,5.32632217886686e-07,2.059963435043611e-07,0.4383865638564365,0.40860581398010254,0.004798769950866699,0.16208016872406006,0.2888106107711792,0.0,0.0940890684723854,1.0,0.3977954089641571,129.21286010742188,-2.5121984481811523,1.0000000|0.0000000|0.0000000|0.0000000|0.0000000|0.0000000|0.0000000|0.0000000|0.0000000|0.0000000,0,1.0,19.33197412063763,0,0,0,0,0,
cross_town,Town02,mixed,16,78,3.9,37.46135330200195,105.43207550048828,0.22167736291885376,179.79312133789062,0.0,499.7675879071405,0.0,0.008472497574985027,5.32632217886686e-07,7.896496632834524e-07,0.4384403895290706,0.5101741552352905,0.0006777942180633545,-0.10247810930013657,0.348810613155365,0.0,0.0140890683978796,1.0,0.39916205406188965,172.5051727294922,-1.9401288032531738,1.0000000|0.0000000|0.0000000|0.0000000|0.0000000|0.0000000|0.0000000|0.0000000|0.0000000|0.0000000,0,1.0,19.4894193778055,0,0,0,0,0,
cross_town,Town02,mixed,16,79,3.95,37.46135330200195,105.43207550048828,0.22167736291885376,179.79312133789062,0.0,499.7675879071405,0.0,0.008472497574985027,5.32632217886686e-07,1.4419564114825084e-06,0.43849314355632446,0.2807440757751465,0.020146965980529785,-0.0851808562874794,0.2888106107711792,0.0,-0.06591092795133591,1.0,0.4005393981933594,94.6611099243164,-1.7358005046844482,1.0000000|0.0000000|0.0000000|0.0000000|0.0000000|0.0000000|0.0000000|0.0000000|0.0000000|0.0000000,0,1.0,19.518023722082905,0,0,0,0,0,
cross_town,Town02,mixed,16,80,4.0,37.454410552978516,105.43209075927734,0.2216254323720932,179.79347229003906,0.0,499.7675879071405,0.0,0.0015297697391360998,5.592638288920426e-06,1.5058272464173001,-0.3022138693771673,0.15411695837974548,0.03231251239776611,0.003766921116039157,0.2288106083869934,0.0,0.003766921116039157,1.0,0.4019262194633484,99.5967788696289,-0.85377436876297,1.0000000|0.0000000|0.0000000|0.0000000|0.0000000|0.0000000|0.0000000|0.0000000|0.0000000|0.0000000,0,1.0,19.192729451360577,0,0,0,0,0,
cross_town,Town02,mixed,16,81,4.05,37.413639068603516,105.43215942382812,0.221455916762352,179.79678344726562,0.039241730894395074,499.72834617624613,0.007851995976515067,9.1552734375e-05,6.338323394361467e-05,3.654920802031807,-0.2783474303622573,0.03624999523162842,0.002259552478790283,0.5988427996635437,0.16881060600280762,0.0,0.08376692235469818,1.0,0.800000011920929,24.51522445678711,-2.7959580421447754,1.0000000|0.0000000|0.0000000|0.0000000|0.0000000|0.0000000|0.0000000|0.0000000|0.0000000|0.0000000,0,1.0,18.553056955511355,0,0,0,0,0,
cross_town,Town02,mixed,16,82,4.1,37.34787368774414,105.43069458007812,0.22133003175258636,179.86512756347656,0.10500138965775101,499.6625865174828,0.021010043908101704,0.001792923896573484,0.0012562130861901721,5.161915260884284,-0.2629927883874465,0.07705220580101013,0.00011327862739562988,-0.07733935862779617,0.10881060361862183,0.0,0.003766922280192375,1.0,0.4045763611793518,129.59140014648438,-2.467496395111084,1.0000000|0.0000000|0.0000000|0.0000000|0.0000000|0.0000000|0.0000000|0.0000000|0.0000000|0.0000000,0,1.0,18.41484314263149,0,0,0,0,0,
cross_town,Town02,mixed,16,83,4.15,37.27069091796875,105.42757415771484,0.22130191326141357,179.9984588623047,0.18217240038606167,499.5854155067545,0.03645142358049644,0.005188023205846548,0.0035832832467015407,5.751273819474647,-0.2570481357331083,0.0009111762046813965,0.005634039640426636,0.5868907570838928,0.048810604959726334,0.0,0.08376692235469818,1.0,0.800000011920929,39.49458694458008,-1.3247876167297363,1.0000000|0.0000000|0.0000000|0.0000000|0.0000000|0.0000000|0.0000000|0.0000000|0.0000000|0.0000000,0,1.0,18.306496379874254,0,0,0,0,0,
cross_town,Town02,mixed,16,84,4.2,37.185752868652344,105.4220199584961,0.22131885588169098,-179.7561798095703,0.26708987793881717,499.5004980292017,0.053442817101705266,0.011047429405152798,0.007865646279547889,6.305694861484528,0.24480153078244243,0.003210604190826416,0.0037989914417266846,0.5345332026481628,0.0,0.0,0.16376692056655884,1.0,0.800000011920929,28.402423858642578,-0.8291915655136108,1.0000000|0.0000000|0.0000000|0.0000000|0.0000000|0.0000000|0.0000000|0.0000000|0.0000000|0.0000000,0,1.0,18.53216088474146,0,0,0,0,0,
cross_town,Town02,mixed,16,85,4.25,37.09735107421875,105.41253662109375,0.22136729955673218,-179.3645477294922,0.35545684410314504,499.41213106303735,0.07112442917550524,0.020851274952292442,0.014700915533346405,6.479002951472522,-0.10169649187309426,0.03260675072669983,0.0035608112812042236,0.30285000801086426,0.0,0.0,0.2437669187784195,1.0,0.800000011920929,15.341672897338867,-0.18575578927993774,1.0000000|0.0000000|0.0000000|0.0000000|0.0000000|0.0000000|0.0000000|0.0000000|0.0000000|0.0000000,0,1.0,18.762230319788067,0,0,0,0,0,
cross_town,Town02,mixed,16,86,4.3,37.0073127746582,105.40184020996094,0.22142410278320312,-178.96798706054688,0.4454559661033488,499.3221319410372,0.08913262422014388,0.031875815242528915,0.021622204890352492,6.58245334301121,0.0037610039967250763,0.028441280126571655,0.004097104072570801,0.19577661156654358,0.0,0.0,0.19577661156654358,1.0,0.800000011920929,10.124342918395996,0.07497864961624146,1.0000000|0.0000000|0.0000000|0.0000000|0.0000000|0.0000000|0.0000000|0.0000000|0.0000000|0.0000000,0,1.0,18.850047740800772,0,0,0,0,0,
cross_town,Town02,mixed,16,87,4.35,36.91714859008789,105.39080047607422,0.2214818149805069,-178.58375549316406,0.5355796917545367,499.232008215386,0.10716575158412439,0.04323606193065643,0.02832831083128085,6.542927144779414,0.4005179318344467,0.03612852096557617,0.0019363462924957275,0.19853369891643524,0.0,0.0,0.19853369891643524,1.0,0.800000011920929,11.966364860534668,-0.28243398666381836,1.0000000|0.0000000|0.0000000|0.0000000|0.0000000|0.0000000|0.0000000|0.0000000|0.0000000|0.0000000,0,1.0,18.883653418836218,0,0,0,0,0,
cross_town,Town02,mixed,16,88,4.4,36.829925537109375,105.37808227539062,0.22154617309570312,-178.1265106201172,0.6227562922102761,499.14483161493024,0.12460917980259006,0.05627477914094925,0.036308739353813735,6.284551801708746,0.037725163341772394,0.050954580307006836,0.0006937980651855469,0.2946096956729889,0.050954580307006836,0.0,0.2785336971282959,1.0,0.800000011920929,13.624692916870117,-0.45297104120254517,1.0000000|0.0000000|0.0000000|0.0000000|0.0000000|0.0000000|0.0000000|0.0000000|0.0000000|0.0000000,0,1.0,19.33337023599849,0,0,0,0,0,
cross_town,Town02,mixed,16,89,4.45,36.746665954589844,105.3624496459961,0.22160395979881287,-177.55987548828125,0.7059589868947822,499.06162892024577,0.14125745726150474,0.07220505177974701,0.046198388061821305,6.060954596104058,0.4710335279127981,0.2162725329399109,0.0004652440547943115,0.5355001091957092,0.11095458269119263,0.0,0.35853371024131775,1.0,0.800000011920929,8.565223693847656,-1.0300731658935547,1.0000000|0.0000000|0.0000000|0.0000000|0.0000000|0.0000000|0.0000000|0.0000000|0.0000000|0.0000000,0,1.0,19.633661445869524,0,0,0,0,0,
cross_town,Town02,mixed,16,90,4.5,36.66667556762695,105.34359741210938,0.22164641320705414,-176.89242553710938,0.7858807401928155,498.98170716694773,0.15724924128910023,0.091347336769104,0.05784758730204587,5.9393423871935696,0.4417728657177864,0.29008519649505615,0.0017604827880859375,0.4029664993286133,0.17095458507537842,0.0,0.4029664993286133,0.9999972581863403,0.800000011920929,2.8988149166107178,-1.9263982772827148,1.0000000|0.0000000|0.0000000|0.0000000|0.0000000|0.0000000|0.0000000|0.0000000|0.0000000|0.0000000,0,1.0,20.129123099723326,0,0,0,0,0,
cross_town,Town02,mixed,16,91,4.55,36.58840560913086,105.32272338867188,0.22167032957077026,-176.1923828125,0.8640749105106411,498.9035129966299,0.1728953480414962,0.112503781914711,0.07006563775111196,5.889832180159318,0.27252502855505545,0.38924068212509155,0.0023536086082458496,0.4201151132583618,0.2309545874595642,0.0,0.4201151132583618,0.999809205532074,0.800000011920929,1.84102463722229,-2.427250385284424,1.0000000|0.0000000|0.0000000|0.0000000|0.0000000|0.0000000|0.0000000|0.0000000|0.0000000|0.0000000,0,1.0,20.247086066848563,0,0,0,0,0,
cross_town,Town02,mixed,16,92,4.6,36.51059341430664,105.29975128173828,0.22167907655239105,-175.45164489746094,0.9418036872351233,498.8257842199054,0.1884483327898638,0.1357506960630417,0.0829939532629016,5.953842062667761,0.38233588941369717,0.5949590802192688,0.004494905471801758,0.44214633107185364,0.29095458984375,0.0,0.44214633107185364,0.9999383687973022,0.800000011920929,2.123687505722046,-2.6810550689697266,1.0000000|0.0000000|0.0000000|0.0000000|0.0000000|0.0000000|0.0000000|0.0000000|0.0000000|0.0000000,0,1.0,20.639437751759377,0,0,0,0,0,
cross_town,Town02,mixed,16,93,4.65,36.43068313598633,105.27664947509766,0.22167010605335236,-174.7805633544922,1.021630132598249,498.74595777454226,0.20442104636607075,0.15914258360862732,0.09470653573707111,6.115679139801036,-0.1987951610757205,0.7272906303405762,0.00993037223815918,0.32239803671836853,0.3509545922279358,0.0,0.3621463179588318,0.9999984502792358,0.800000011920929,3.041999101638794,-2.7030844688415527,1.0000000|0.0000000|0.0000000|0.0000000|0.0000000|0.0000000|0.0000000|0.0000000|0.0000000|0.0000000,0,1.0,20.426985050132455,0,0,0,0,0,
cross_town,Town02,mixed,16,94,4.7,36.3488655090332,105.25157928466797,0.2216598391532898,-174.0560302734375,1.1033566569788698,498.66423125016166,0.22077395246845807,0.1845104843378067,0.10735202354109319,6.314752966066407,-0.2945472144118809,0.7047719359397888,0.012888818979263306,0.606584370136261,0.4109545946121216,0.0,0.44214633107185364,1.0,0.800000011920929,7.357006072998047,-2.6565256118774414,1.0000000|0.0000000|0.0000000|0.0000000|0.0000000|0.0000000|0.0000000|0.0000000|0.0000000|0.0000000,0,1.0,20.38572178075948,0,0,0,0,0,
cross_town,Town02,mixed,16,95,4.75,36.265708923339844,105.2222900390625,0.22165130078792572,-173.19105529785156,1.1864070020188338,498.5811809051217,0.237391745828718,0.21409747004508972,0.12244868481242577,6.529498663047794,0.4467558094530623,0.7143853306770325,0.024622291326522827,0.5030790567398071,0.4709545969963074,0.0,0.5030790567398071,0.9807954430580139,0.800000011920929,0.6833046674728394,-2.817251205444336,1.0000000|0.0000000|0.0000000|0.0000000|0.0000000|0.0000000|0.0000000|0.0000000|0.0000000|0.0000000,0,1.0,20.36464872914391,0,0,0,0,0,
cross_town,Town02,mixed,16,96,4.8,36.17819595336914,105.1904067993164,0.22162875533103943,-172.31809997558594,1.2738043187240802,498.4937835884164,0.25487933782547734,0.2463013380765915,0.1376846294087688,6.981923282494688,-0.11030677869643818,0.8351240158081055,0.04323703050613403,0.4279649257659912,0.5309545993804932,0.0,0.4279649257659912,1.0,0.800000011920929,8.591116905212402,-3.1917104721069336,1.0000000|0.0000000|0.0000000|0.0000000|0.0000000|0.0000000|0.0000000|0.0000000|0.0000000|0.0000000,0,1.0,20.247076060252535,0,0,0,0,0,
cross_town,Town02,mixed,16,97,4.85,36.086029052734375,105.15474700927734,0.22160667181015015,-171.366943359375,1.365842100697788,498.40174580644276,0.2732954544766454,0.28228941559791565,0.15428544406377753,7.386588362649353,0.05692637214245255,0.6626057624816895,0.10038596391677856,0.5856980085372925,0.590954601764679,0.0,0.5079649090766907,1.0,0.800000011920929,6.573706150054932,-2.3814539909362793,1.0000000|0.0000000|0.0000000|0.0000000|0.0000000|0.0000000|0.0000000|0.0000000|0.0000000|0.0000000,0,1.0,20.481920070371633,0,0,0,0,0,
cross_town,Town02,mixed,16,98,4.9,35.987247467041016,105.11519622802734,0.22157542407512665,-170.38475036621094,1.4644802700885629,498.30310763705194,0.2930322625005188,0.3221990764141083,0.1714279456845098,8.021789378096784,-0.1510758262800277,0.7988219261169434,0.3234550952911377,0.3491682708263397,0.6509546041488647,0.0,0.4279648959636688,1.0,0.800000011920929,5.709925651550293,-2.6995205879211426,1.0000000|0.0000000|0.0000000|0.0000000|0.0000000|0.0000000|0.0000000|0.0000000|0.0000000|0.0000000,0,1.0,20.616307826129752,0,0,0,0,0,
cross_town,Town02,mixed,16,99,4.95,35.879329681396484,105.07423400878906,0.2215392291545868,-169.4874267578125,1.5722494045602093,498.19533850258034,0.3145961127940017,0.36355066299438477,0.18708919710693905,8.632387404628522,0.23436864691797676,0.5970571637153625,0.5966390371322632,0.3128063380718231,0.5970571637153625,0.0,0.347964882850647,1.0,0.800000011920929,6.432380676269531,-2.0184154510498047,1.0000000|0.0000000|0.0000000|0.0000000|0.0000000|0.0000000|0.0000000|0.0000000|0.0000000|0.0000000,0,1.0,20.632594331451703,0,0,0,0,0,
cross_town,Town02,mixed,16,100,5.0,35.76161193847656,105.03251647949219,0.22150516510009766,-168.70953369140625,1.6898160040052428,498.0777719031353,0.33812036732546563,0.4056880474090576,0.20066599234416316,9.306310099010421,0.4088629240660392,0.4098157286643982,0.4808647632598877,0.04420070722699165,0.5370571613311768,0.0,0.2679648697376251,1.0,0.800000011920929,6.449972629547119,-1.5429810285568237,1.0000000|0.0000000|0.0000000|0.0000000|0.0000000|0.0000000|0.0000000|0.0000000|0.0000000|0.0000000,0,1.0,20.63977403311694,0,0,0,0,0,
cross_town,Town02,mixed,16,101,5.05,35.634464263916016,104.99114990234375,0.22148066759109497,-168.0911407470703,1.816813499443251,497.9507744076973,0.36353167820495486,0.447512686252594,0.2114589852939268,9.882775591747949,0.3161570153242876,0.39654234051704407,0.43900203704833984,-0.09801376610994339,0.47705715894699097,0.0,0.18796487152576447,0.9999419450759888,0.800000011920929,2.13870906829834,-1.5936551094055176,1.0000000|0.0000000|0.0000000|0.0000000|0.0000000|0.0000000|0.0000000|0.0000000|0.0000000|0.0000000,0,1.0,20.47578925966604,0,0,0,0,0,
cross_town,Town02,mixed,16,102,5.1,35.49858474731445,104.95113372802734,0.2214670479297638,-167.6622772216797,1.9525477343952287,497.8150401727453,0.3906911495745143,0.488025039434433,0.2189440658537034,10.421926191385158,0.39793575286061517,0.4359797239303589,0.455491840839386,-0.14961181581020355,0.4170571565628052,0.0,0.10796487331390381,0.9999991655349731,0.800000011920929,3.1955647468566895,-1.781090259552002,1.0000000|0.0000000|0.0000000|0.0000000|0.0000000|0.0000000|0.0000000|0.0000000|0.0000000|0.0000000,0,1.0,20.178553759141213,0,0,0,0,0,
cross_town,Town02,mixed,16,103,5.15,35.35588836669922,104.91079711914062,0.22146616876125336,-167.30792236328125,2.095097580821025,497.6724903263195,0.4192143771457034,0.528873085975647,0.22512872485319416,10.855191969172875,-0.011773037872722802,0.5217875242233276,0.40585070848464966,-0.18616262078285217,0.47705715894699097,0.0,0.027964873239398003,0.9998732805252075,0.800000011920929,1.9433797597885132,-1.9335293769836426,1.0000000|0.0000000|0.0000000|0.0000000|0.0000000|0.0000000|0.0000000|0.0000000|0.0000000|0.0000000,0,1.0,20.018207182440463,0,0,0,0,0,
cross_town,Town02,mixed,16,104,5.2,35.20615005493164,104.87360382080078,0.22147071361541748,-167.2086181640625,2.244700688686508,497.522887218454,0.44914891301506044,0.5666083097457886,0.2268619100906175,11.283706053819337,-0.33705543037222346,0.6004448533058167,0.32665956020355225,-0.07230979949235916,0.5370571613311768,0.0,-0.0520351268351078,1.0,0.800000011920929,15.371942520141602,-1.8881174325942993,1.0000000|0.0000000|0.0000000|0.0000000|0.0000000|0.0000000|0.0000000|0.0000000|0.0000000|0.0000000,0,1.0,19.285260580831494,0,0,0,0,0,
cross_town,Town02,mixed,16,105,5.25,35.04964828491211,104.8371353149414,0.22147369384765625,-167.18275451660156,2.401069841958276,497.3665180651822,0.480437287262496,0.6036416292190552,0.22731331589538684,11.771125484670625,-0.34066361432136916,0.6551671624183655,0.280489981174469,0.24252662062644958,0.5970571637153625,0.0,0.027964873239398003,1.0,0.800000011920929,22.090988159179688,-1.690332293510437,1.0000000|0.0000000|0.0000000|0.0000000|0.0000000|0.0000000|0.0000000|0.0000000|0.0000000|0.0000000,0,1.0,19.198851772911496,0,0,0,0,0,
cross_town,Town02,mixed,16,106,5.3,34.88714599609375,104.79501342773438,0.22147303819656372,-166.94985961914062,2.563419079545213,497.2041688275953,0.5129222345690634,0.6463436484336853,0.2313780986671734,12.301628391023485,-0.014885895812869643,0.3988867402076721,0.5251383781433105,0.11311313509941101,0.5370571613311768,0.0,0.10796487331390381,1.0,0.800000011920929,39.937503814697266,-1.3208907842636108,1.0000000|0.0000000|0.0000000|0.0000000|0.0000000|0.0000000|0.0000000|0.0000000|0.0000000|0.0000000,0,1.0,19.37317362837774,0,0,0,0,0,
cross_town,Town02,mixed,16,107,5.35,34.71774673461914,104.7507095336914,0.22147071361541748,-166.74789428710938,2.7326573268179666,497.03493058032257,0.5467856245462859,0.6912658214569092,0.2349030586860028,12.808218751020842,-0.35051352134361263,0.26735156774520874,0.48721182346343994,-0.11488428711891174,0.47705715894699097,0.0,0.027964873239398003,1.0,0.800000011920929,15.996586799621582,-1.6562094688415527,1.0000000|0.0000000|0.0000000|0.0000000|0.0000000|0.0000000|0.0000000|0.0000000|0.0000000|0.0000000,0,1.0,19.089973990341356,0,0,0,0,0,
cross_town,Town02,mixed,16,108,5.4,34.54079818725586,104.70914459228516,0.22147181630134583,-166.7803497314453,2.909454688436078,496.85813321870444,0.5821615404512128,0.733464241027832,0.23433660432214332,13.266890424169354,0.22232878719954052,0.4188995063304901,0.22841131687164307,-0.03507091477513313,0.4188995063304901,0.0,-0.03507091477513313,1.0,0.800000011920929,22.473085403442383,-1.8197652101516724,1.0000000|0.0000000|0.0000000|0.0000000|0.0000000|0.0000000|0.0000000|0.0000000|0.0000000|0.0000000,0,1.0,18.7565476213424,0,0,0,0,0,
cross_town,Town02,mixed,16,109,5.45,34.35748291015625,104.66899108886719,0.22147734463214874,-166.91574096679688,3.0926239004712928,496.67496400666926,0.6188124190730669,0.7742817997932434,0.23197358148691552,13.6782500855692,0.03572452068587123,0.4978700578212738,0.23188075423240662,-0.03820648416876793,0.4788995087146759,0.0,-0.03820648416876793,1.0,0.800000011920929,24.547958374023438,-1.1465013027191162,1.0000000|0.0000000|0.0000000|0.0000000|0.0000000|0.0000000|0.0000000|0.0000000|0.0000000|0.0000000,0,1.0,18.688813367968745,0,0,0,0,0,
cross_town,Town02,mixed,16,110,5.5,34.187992095947266,104.64328002929688,0.21718233823776245,-167.09957885742188,3.2620207555714016,496.5055671515691,0.6527075453675685,0.8006033897399902,0.22876500500558805,10.84434526077802,-0.37036816069442546,0.4062810242176056,0.1116754412651062,0.04982563480734825,0.4188995063304901,0.0,0.04179351404309273,1.0,0.800000011920929,12.604409217834473,-1.1493873596191406,1.0000000|0.0000000|0.0000000|0.0000000|0.0000000|0.0000000|0.0000000|0.0000000|0.0000000|0.0000000,0,1.0,17.755373827580737,1,0,0,0,0,collision
